plan_id,plan_item_id,package_slug,revision,characteristic_id,characteristic_name,inspection_purpose,nominal_value,lower_limit,upper_limit,unit,datum_reference,specification_reference,required_method,suggested_method,required_equipment_class,suggested_equipment_class,required_sampling,suggested_sampling,revision_impact_change_ids,actual_value,actual_unit,result
inspection-plan:767890382a5942240c2d9d7a,ipi:009bf742fedc86207a7d16fd,usb-hub-plate-simulated,B,RIGHT.CENTER_MARGIN,Right plate edge to H1 center (same for H2),Verify the explicit inspection requirement.,22,,,mm,,USB-SIM-REQUIREMENTS:RIGHT.CENTER_MARGIN,,,,,,,,,,
inspection-plan:767890382a5942240c2d9d7a,ipi:2a21b5ba3246f3b23f447492,usb-hub-plate-simulated,B,D2.Y,D2 center Y from plate lower-left,Verify the explicit inspection requirement.,62,,,mm,,USB-SIM-REQUIREMENTS:D2.Y,,,,,,,,,,
inspection-plan:767890382a5942240c2d9d7a,ipi:30150e5d1727eb1f53b91efd,usb-hub-plate-simulated,B,H1.X,H1 center X from plate lower-left,Verify the explicit inspection requirement.,120,,,mm,,USB-SIM-REQUIREMENTS:H1.X,,,,,,,,,,
inspection-plan:767890382a5942240c2d9d7a,ipi:3a8f1babc8a756bda420b5ea,usb-hub-plate-simulated,B,H1.DIAMETER,H1 through-hole diameter,Verify the explicit inspection requirement.,5.2,,,mm,,USB-SIM-REQUIREMENTS:H1.DIAMETER,,,,,,,,,,
inspection-plan:767890382a5942240c2d9d7a,ipi:41abaa319023afd4d7980877,usb-hub-plate-simulated,B,D2.DIAMETER,D2 through-hole diameter,Verify the explicit inspection requirement.,5.2,,,mm,,USB-SIM-REQUIREMENTS:D2.DIAMETER,,,,,,,,,,
inspection-plan:767890382a5942240c2d9d7a,ipi:4b85ccc70b505a53d009778c,usb-hub-plate-simulated,B,D1.X,D1 center X from plate lower-left,Verify the explicit inspection requirement.,12,,,mm,,USB-SIM-REQUIREMENTS:D1.X,,,,,,,,,,
inspection-plan:767890382a5942240c2d9d7a,ipi:5241f1454933885d9848dc3d,usb-hub-plate-simulated,B,H2.Y,H2 center Y from plate lower-left,Verify the explicit inspection requirement.,62,,,mm,,USB-SIM-REQUIREMENTS:H2.Y,,,,,,,,,,
inspection-plan:767890382a5942240c2d9d7a,ipi:568863b4351c1ca4298863d7,usb-hub-plate-simulated,B,D2.X,D2 center X from plate lower-left,Verify the explicit inspection requirement.,12,,,mm,,USB-SIM-REQUIREMENTS:D2.X,,,,,,,,,,
inspection-plan:767890382a5942240c2d9d7a,ipi:79c33781fb5f84e4b2cd7a21,usb-hub-plate-simulated,B,D1.Y,D1 center Y from plate lower-left,Verify the explicit inspection requirement.,12,,,mm,,USB-SIM-REQUIREMENTS:D1.Y,,,,,,,,,,
inspection-plan:767890382a5942240c2d9d7a,ipi:7c02bcaf095d646084413b6b,usb-hub-plate-simulated,B,HORIZONTAL.PITCH,D1 to H1 X center pitch (same for D2 to H2),Verify the explicit inspection requirement.,108,,,mm,,USB-SIM-REQUIREMENTS:HORIZONTAL.PITCH,,,,,,,,,,
inspection-plan:767890382a5942240c2d9d7a,ipi:85de582452bb76665d69f075,usb-hub-plate-simulated,B,H2.X,H2 center X from plate lower-left,Verify the explicit inspection requirement.,120,,,mm,,USB-SIM-REQUIREMENTS:H2.X,,,,,,,,,,
inspection-plan:767890382a5942240c2d9d7a,ipi:a195eaf80c4ab7263ff75cbd,usb-hub-plate-simulated,B,PLATE.WIDTH,Plate width,Verify the explicit inspection requirement.,74,,,mm,,USB-SIM-REQUIREMENTS:PLATE.WIDTH,,,,,,,,,,
inspection-plan:767890382a5942240c2d9d7a,ipi:ac0d2dba2c08f98da431abc1,usb-hub-plate-simulated,B,D1.DIAMETER,D1 through-hole diameter,Verify the explicit inspection requirement.,5.2,,,mm,,USB-SIM-REQUIREMENTS:D1.DIAMETER,,,,,,,,,,
inspection-plan:767890382a5942240c2d9d7a,ipi:c5cdd6d82c7918767b1fb1ae,usb-hub-plate-simulated,B,H2.DIAMETER,H2 through-hole diameter,Verify the explicit inspection requirement.,5.2,,,mm,,USB-SIM-REQUIREMENTS:H2.DIAMETER,,,,,,,,,,
inspection-plan:767890382a5942240c2d9d7a,ipi:c7394455174784fb95116fc5,usb-hub-plate-simulated,B,PLATE.THICKNESS,Plate height,Verify the explicit inspection requirement.,4,,,mm,,USB-SIM-REQUIREMENTS:PLATE.THICKNESS,,,,,,,,,,
inspection-plan:767890382a5942240c2d9d7a,ipi:dda3eebe1810527b7d72d75a,usb-hub-plate-simulated,B,H1.Y,H1 center Y from plate lower-left,Verify the explicit inspection requirement.,12,,,mm,,USB-SIM-REQUIREMENTS:H1.Y,,,,,,,,,,
inspection-plan:767890382a5942240c2d9d7a,ipi:f78998b38a9cd0d058d221da,usb-hub-plate-simulated,B,PLATE.LENGTH,Plate length,Verify the explicit inspection requirement.,142,,,mm,,USB-SIM-REQUIREMENTS:PLATE.LENGTH,,,,,,,,,,
